contextualSearch␞searchTerm:belt,"923076,61875686,99475396"
contextualSearch␞searchTerm:bissell spotclean,"1066288,1686050"
contextualSearch␞searchTerm:bread baskets,"2702003,2538262"
contextualSearch␞searchTerm:darth vader,3267540
contextualSearch␞searchTerm:girls romper,3213959
contextualSearch␞searchTerm:patio furnigute,"2454934,2247646,2247662"
contextualSearch␞searchTerm:pioneer woman dishes,"2902017,1867404"
contextualSearch␞searchTerm:shoe racks,"2032961,2281725,1007663"
contextualSearch␞searchTerm:toddler shoes,"3006102,2829508,2907320"
contextualSearch␞searchTerm:white vans,"3073031,3064220"
